{"cameraMode":{"drawMode":0,"name":"Shaded","section":"Shading Mode"},"sceneLighting":true,"audioPlay":true,"sceneViewState":{"showFog":true,"showMaterialUpdate":true,"showSkybox":true,"showFlares":true,"showImageEffects":true,"showParticleSystems":true},"in2DMode":false,"pivot":{"x":5.322052001953125,"y":9.430282592773438,"z":2.1539077758789064},"rotation":{"x":0.10720433294773102,"y":-0.5364947319030762,"z":0.06895247101783753,"w":0.8342433571815491},"size":9.613068580627442,"orthographic":false}